Col0,Col1,Col2
47.64148596630509,-122.140165,0.0
47.64148596630509,-122.140165,0.0
47.64148596630509,-122.140165,0.0
47.64148596630509,-122.140165,0.0
