Col0,Col1,Col2
47.64152189891685,-122.140165,0.0
47.641528890025604,-122.14016500000015,0.0
47.641532601494546,-122.14016499999877,0.0
47.64153639924823,-122.14016500000038,0.0
