Col0,Col1,Col2
47.6415398652203,-122.140165,0.0
47.641542973764174,-122.14016500000031,0.0
47.64154652195779,-122.1401650000018,0.0
47.641550329932805,-122.1401650000018,0.0
