Col0,Col1,Col2
47.64137816846393,-122.14011166923689,0.0
47.64137483473821,-122.14011035854386,0.0
