Col0,Col1,Col2
47.64150393256072,-122.14005833821702,0.0
47.64150482483068,-122.14005358637222,0.0
