{
    "UAV1": {
        "X": [
            47.64148596630509,
            47.64148596630509,
            47.64148596630509,
            47.64148596630509
        ],
        "Y": [
            -122.140165,
            -122.140165,
            -122.140165,
            -122.140165
        ],
        "Z": [
            0.0,
            0.0,
            0.0,
            0.0
        ]
    },
    "UAV2": {
        "X": [
            47.64152189891685,
            47.641528890025604,
            47.641532601494546,
            47.64153639924823
        ],
        "Y": [
            -122.140165,
            -122.14016500000015,
            -122.14016499999877,
            -122.14016500000038
        ],
        "Z": [
            0.0,
            0.0,
            0.0,
            0.0
        ]
    },
    "UAV3": {
        "X": [
            47.6415398652203,
            47.641542973764174,
            47.64154652195779,
            47.641550329932805
        ],
        "Y": [
            -122.140165,
            -122.14016500000031,
            -122.1401650000018,
            -122.1401650000018
        ],
        "Z": [
            0.0,
            0.0,
            0.0,
            0.0
        ]
    }
}