{
    "UAV1": {
        "X": [
            47.641468,
            47.641468,
            47.641468,
            47.641468,
            47.641468,
            47.641468,
            47.641468,
            47.641468,
            47.641468,
            47.641468,
            47.641468,
            47.641468,
            47.641468,
            47.641468,
            47.641468,
            47.641468,
            47.641468,
            47.641468,
            47.641468
        ],
        "Y": [
            -122.140165,
            -122.140165,
            -122.140165,
            -122.140165,
            -122.140165,
            -122.140165,
            -122.140165,
            -122.140165,
            -122.140165,
            -122.140165,
            -122.140165,
            -122.140165,
            -122.140165,
            -122.140165,
            -122.140165,
            -122.140165,
            -122.140165,
            -122.140165,
            -122.140165
        ],
        "Z": [
            0.0,
            0.0,
            0.0,
            0.0,
            0.0,
            0.0,
            0.0,
            0.0,
            0.0,
            0.0,
            0.0,
            0.0,
            0.0,
            0.0,
            0.0,
            0.0,
            0.0,
            0.0,
            0.0
        ]
    },
    "UAV2": {
        "X": [
            47.6414679999807,
            47.641467999980534,
            47.64146799997909,
            47.641467999978005,
            47.64146799997644,
            47.64146799997407,
            47.64146799997369,
            47.64146799997575,
            47.641467999981536,
            47.641467999986446,
            47.64146799998948,
            47.64146799999047,
            47.641467999990574,
            47.64146799998978,
            47.64146799998769,
            47.641467999984535,
            47.64146799997948,
            47.64146799997279,
            47.641467999965116
        ],
        "Y": [
            -122.14009833643267,
            -122.14009758168092,
            -122.14009163615434,
            -122.14008530156592,
            -122.14007669663896,
            -122.14006607187228,
            -122.1400608280099,
            -122.14005056920143,
            -122.14004139780963,
            -122.14003221945708,
            -122.14002220391183,
            -122.14001524813158,
            -122.14000439711927,
            -122.13999688488147,
            -122.13998686855794,
            -122.13997685223443,
            -122.13996600122212,
            -122.13995542844584,
            -122.13994541212233
        ],
        "Z": [
            0.0,
            0.0,
            0.0,
            0.0,
            0.0,
            0.0,
            0.0,
            0.0,
            0.0,
            0.0,
            0.0,
            0.0,
            0.0,
            0.0,
            0.0,
            0.0,
            0.0,
            0.0,
            0.0
        ]
    },
    "UAV4": {
        "X": [
            47.6414679999807,
            47.641467999980534,
            47.64146799997927,
            47.641467999977756,
            47.64146799997532,
            47.64146799997124,
            47.64146799996883,
            47.64146799996384,
            47.64146799996062,
            47.64146799995932,
            47.64146799996075,
            47.64146799996186,
            47.64146799996135,
            47.64146799995966,
            47.64146799995602,
            47.64146799995076,
            47.641467999943934,
            47.64146799993578,
            47.64146799992659
        ],
        "Y": [
            -122.14023166356732,
            -122.14023240621127,
            -122.14023833410909,
            -122.14024466362798,
            -122.1402532660486,
            -122.1402638898316,
            -122.14026913350064,
            -122.14027939215198,
            -122.14028856349547,
            -122.14029802001637,
            -122.14030775737393,
            -122.14031499138537,
            -122.14032556416164,
            -122.14033307639944,
            -122.14034309272296,
            -122.1403531090465,
            -122.14036396005879,
            -122.14037453284473,
            -122.1403845491586
        ],
        "Z": [
            0.0,
            0.0,
            0.0,
            0.0,
            0.0,
            0.0,
            0.0,
            0.0,
            0.0,
            0.0,
            0.0,
            0.0,
            0.0,
            0.0,
            0.0,
            0.0,
            0.0,
            0.0,
            0.0
        ]
    },
    "UAV5": {
        "X": [
            47.641512915761865,
            47.64151342171712,
            47.641517425867384,
            47.64152169410338,
            47.64152749305839,
            47.64153465418158,
            47.641538188789305,
            47.6415452911566,
            47.64155128622432,
            47.64155766077161,
            47.6415642246483,
            47.64156910102711,
            47.64157622804904,
            47.64158129198226,
            47.641588044409986,
            47.641594797397865,
            47.64160211314345,
            47.64160924129879,
            47.64161599428668
        ],
        "Y": [
            -122.140165,
            -122.140165,
            -122.14016500000407,
            -122.14016500002214,
            -122.140165000083,
            -122.14016500020786,
            -122.14016500027941,
            -122.1401650004333,
            -122.14016500057085,
            -122.14016500072142,
            -122.14016500082555,
            -122.14016500072873,
            -122.1401650006218,
            -122.14016500046304,
            -122.14016500039335,
            -122.1401650004466,
            -122.14016500054736,
            -122.14016500065985,
            -122.14016500076629
        ],
        "Z": [
            0.0,
            0.0,
            0.0,
            0.0,
            0.0,
            0.0,
            0.0,
            0.0,
            0.0,
            0.0,
            0.0,
            0.0,
            0.0,
            0.0,
            0.0,
            0.0,
            0.0,
            0.0,
            0.0
        ]
    },
    "UAV6": {
        "X": [
            47.64142308423815,
            47.641422592253164,
            47.641418606091655,
            47.64141434305367,
            47.641408546739164,
            47.64140138669075,
            47.64139785229147,
            47.6413907501147,
            47.641384755102344,
            47.641378380581116,
            47.64137181671094,
            47.641366940328865,
            47.64135981331344,
            47.64135474938023,
            47.641347996952504,
            47.6413412439581,
            47.641333928219034,
            47.6413268000637,
            47.64132004707581
        ],
        "Y": [
            -122.140165,
            -122.140165,
            -122.14016500000427,
            -122.140165000023,
            -122.14016500008526,
            -122.14016500021063,
            -122.14016500028185,
            -122.1401650004345,
            -122.14016500057049,
            -122.14016500071885,
            -122.14016500081954,
            -122.14016500072074,
            -122.14016500061054,
            -122.14016500045044,
            -122.14016500037964,
            -122.14016500043176,
            -122.14016500053158,
            -122.14016500064307,
            -122.14016500074811
        ],
        "Z": [
            0.0,
            0.0,
            0.0,
            0.0,
            0.0,
            0.0,
            0.0,
            0.0,
            0.0,
            0.0,
            0.0,
            0.0,
            0.0,
            0.0,
            0.0,
            0.0,
            0.0,
            0.0,
            0.0
        ]
    }
}